{"stats":{"minecraft:picked_up":{"luminousworld:groundpebbles_1":1,"minecraft:charcoal":5,"minecraft:crafting_table":6,"minecraft:wheat":3,"minecraft:chicken":2,"minecraft:chain":1,"minecraft:raw_copper":139,"minecraft:cobbled_deepslate":5,"minecraft:oak_boat":1,"minecraft:furnace":3,"minecraft:egg":5,"minecraft:stick":17,"minecraft:raw_iron":6,"iceandfire:ghost_chest":1,"minecraft:oak_door":1,"minecraft:copper_ingot":21,"minecraft:torch":1,"revampedpiles:cobblestone_roof":6,"minecraft:pointed_dripstone":1,"born_in_chaos_v1:nightmare_claw":2,"minecraft:arrow":1,"minecraft:rotten_flesh":6,"gamma_beasts:coal_nugget":27,"minecraft:gold_ingot":1,"minecraft:cobblestone":247,"paraglider:paraglider":2,"born_in_chaos_v1:corpse_maggot":1,"minecraft:feather":6,"born_in_chaos_v1:monster_flesh":4,"minecraft:andesite":6,"minecraft:leather":4,"minecraft:smoker":1,"biomesoplenty:fir_log":160,"biomesoplenty:fir_sapling":25,"minecraft:oak_log":17,"minecraft:dirt":18,"immersiveengineering:hemp_fiber":42,"minecraft:bone":3,"minecraft:wheat_seeds":17,"minecraft:iron_ingot":7,"born_in_chaos_v1:smoked_flesh":16,"born_in_chaos_v1:ethereal_spirit":4,"minecraft:dripstone_block":3,"minecraft:sand":35,"minecraft:white_bed":1,"travelersbackpack:white_sleeping_bag":1,"travelersbackpack:standard":3,"immersiveengineering:seed":18,"minecraft:oak_button":1,"minecraft:oak_sapling":4,"minecraft:coal":110,"iceandfire:raw_silver":3},"minecraft:killed":{"luminousworld:miner_zombie":1,"born_in_chaos_v1:restless_spirit":2,"minecraft:spider":1,"minecraft:skeleton":1,"minecraft:chicken":2,"undead_revamp2:sucker":3,"aquaculture:carp":1,"minecraft:zombie_villager":1,"what_gecko:hellbender":1,"born_in_chaos_v1:bloody_gadfly":1,"minecraft:zombie":2,"iceandfire:ghost":1,"born_in_chaos_v1:nightmare_stalker":1},"minecraft:crafted":{"minecraft:oak_door":3,"minecraft:oak_planks":20,"minecraft:stone_shovel":1,"minecraft:iron_nugget":9,"minecraft:cooked_chicken":2,"minecraft:furnace":3,"iceandfire:armor_copper_metal_leggings":1,"minecraft:white_carpet":3,"iceandfire:armor_copper_metal_boots":1,"iceandfire:armor_copper_metal_helmet":1,"minecraft:glass":35,"minecraft:stone_pickaxe":3,"iceandfire:armor_copper_metal_chestplate":1,"minecraft:chest":1,"minecraft:iron_door":3,"iceandfire:copper_pickaxe":1,"revampedpiles:cobblestone_roof":60,"minecraft:smoker":1,"iceandfire:silver_ingot":4,"minecraft:crafting_table":1,"travelersbackpack:backpack_tank":2,"travelersbackpack:standard":1,"minecraft:copper_ingot":81,"gamma_beasts:fried_egg":2,"minecraft:campfire":5,"minecraft:stone_axe":1,"minecraft:air":0,"biomesoplenty:fir_planks":120,"minecraft:oak_boat":1,"biomesoplenty:fir_fence":54,"minecraft:charcoal":3,"minecraft:stick":72,"biomesoplenty:fir_pressure_plate":1,"minecraft:iron_ingot":8,"minecraft:stone_sword":1,"biomesoplenty:fir_button":5,"minecraft:torch":72,"minecraft:shears":1},"minecraft:broken":{"minecraft:wooden_pickaxe":1,"minecraft:stone_pickaxe":2},"minecraft:used":{"revampedpiles:cobblestone_roof":48,"minecraft:stone_sword":122,"iceandfire:armor_copper_metal_leggings":1,"born_in_chaos_v1:ethereal_spirit":6,"minecraft:stone_shovel":26,"immersiveengineering:seed":7,"biomesoplenty:fir_button":3,"minecraft:cooked_chicken":2,"minecraft:rotten_flesh":4,"minecraft:oak_door":2,"minecraft:torch":10,"iceandfire:armor_copper_metal_boots":1,"minecraft:dirt":13,"born_in_chaos_v1:smoked_flesh":2,"iceandfire:copper_pickaxe":1,"minecraft:furnace":5,"tombstone:gift":2,"biomesoplenty:fir_fence":14,"minecraft:pointed_dripstone":1,"biomesoplenty:fir_pressure_plate":1,"minecraft:stone_pickaxe":361,"minecraft:oak_planks":1,"minecraft:wooden_pickaxe":41,"luminousworld:groundpebbles_1":1,"minecraft:crafting_table":7,"minecraft:white_bed":1,"minecraft:campfire":5,"minecraft:dripstone_block":3,"gamma_beasts:fried_egg":2,"iceandfire:armor_copper_metal_chestplate":1,"born_in_chaos_v1:monster_flesh":1,"minecraft:iron_door":1,"minecraft:stone_axe":59,"minecraft:cobblestone":153,"travelersbackpack:standard":20,"minecraft:andesite":2,"minecraft:chain":1,"minecraft:oak_boat":1,"biomesoplenty:fir_log":4},"minecraft:dropped":{"minecraft:wheat_seeds":6,"born_in_chaos_v1:nightmare_claw":1,"biomesoplenty:fir_sapling":25,"born_in_chaos_v1:monster_flesh":2,"minecraft:dirt":5,"paraglider:paraglider":1,"minecraft:rotten_flesh":18,"minecraft:smoker":2,"born_in_chaos_v1:corpse_maggot":1,"immersiveengineering:seed":1,"minecraft:egg":1},"minecraft:custom":{"minecraft:mob_kills":19,"minecraft:interact_with_crafting_table":57,"minecraft:damage_dealt_resisted":83,"minecraft:leave_game":5,"minecraft:time_since_death":75368,"minecraft:sprint_one_cm":116577,"minecraft:walk_one_cm":499584,"minecraft:drop":14,"minecraft:play_time":141732,"minecraft:deaths":2,"minecraft:sneak_time":6725,"minecraft:walk_under_water_one_cm":12713,"minecraft:boat_one_cm":42975,"minecraft:jump":1951,"minecraft:walk_on_water_one_cm":20076,"minecraft:total_world_time":141732,"minecraft:interact_with_furnace":62,"minecraft:time_since_rest":72969,"minecraft:damage_taken":1872,"tombstone:sneak_grave":1,"minecraft:trigger_trapped_chest":1,"minecraft:damage_dealt":4281,"minecraft:swim_one_cm":57275,"minecraft:fly_one_cm":950055,"minecraft:open_chest":56,"minecraft:crouch_one_cm":14160,"tombstone:undead_killed":9,"minecraft:fall_one_cm":42010},"minecraft:mined":{"minecraft:white_bed":1,"minecraft:farmland":1,"iceandfire:silver_ore":3,"minecraft:oak_door":1,"minecraft:grass_block":8,"travelersbackpack:white_sleeping_bag":2,"revampedpiles:cobblestone_roof":6,"minecraft:furnace":3,"immersiveengineering:hemp":8,"minecraft:iron_ore":6,"minecraft:cobbled_deepslate":5,"minecraft:andesite":6,"treechop:chopped_log":4,"luminousworld:groundpebbles_2":1,"minecraft:stone":234,"travelersbackpack:standard":2,"minecraft:crafting_table":6,"minecraft:campfire":1,"denseores:dense_coal_ore":5,"minecraft:copper_ore":39,"minecraft:cobblestone":20,"minecraft:wheat":6,"minecraft:grass":8,"minecraft:coal_ore":67,"minecraft:dripstone_block":2,"minecraft:sand":37,"minecraft:dirt":10,"minecraft:fern":2}},"DataVersion":3465}