{"stats":{"minecraft:killed":{"born_in_chaos_v1:zombie_lumberjack":2,"minecraft:spider":2,"undead_revamp2:thesmoker":1,"born_in_chaos_v1:maggot":4,"minecraft:skeleton":2,"epicsamurai:tanuki":1,"minecraft:chicken":7,"born_in_chaos_v1:firelight_not_despawn":2,"minecraft:pig":3,"minecraft:rabbit":1,"minecraft:bat":1,"minecraft:creeper":2,"minecraft:sheep":6,"minecraft:pillager":3,"undead_revamp2:thesomnolence":6,"minecraft:zombie":6,"iceandfire:ghost":8,"born_in_chaos_v1:dread_hound":1,"born_in_chaos_v1:corpse_fly":3,"undead_revamp2:theskeeper":1,"born_in_chaos_v1:door_knight":1,"minecraft:cow":8,"minecraft:enderman":1},"minecraft:picked_up":{"minecraft:crafting_table":12,"minecraft:wheat":20,"minecraft:chicken":8,"minecraft:enchanted_book":3,"minecraft:cornflower":1,"iceandfire:manuscript":4,"minecraft:string":4,"minecraft:raw_copper":205,"magicaljewelry:jewel_upgrade_smithing_template":1,"minecraft:iron_leggings":1,"travelersbackpack:horse":1,"minecraft:beef":15,"minecraft:light_gray_wool":1,"minecraft:birch_sapling":1,"minecraft:furnace":1,"minecraft:egg":6,"minecraft:stick":21,"minecraft:raw_iron":4,"reliquary:catalyzing_gland":1,"iceandfire:ghost_chest":2,"minecraft:oak_door":4,"minecraft:copper_ingot":1,"minecraft:torch":49,"revampedpiles:cobblestone_roof":3,"minecraft:porkchop":6,"minecraft:cherry_log":2,"minecraft:pointed_dripstone":3,"tombstone:grave_dust":3,"minecraft:arrow":4,"minecraft:rotten_flesh":33,"minecraft:hay_block":2,"gamma_beasts:coal_nugget":21,"supplementaries:ash":1,"minecraft:mutton":11,"minecraft:iron_bars":6,"minecraft:white_wool":5,"minecraft:cobblestone":892,"born_in_chaos_v1:corpse_maggot":3,"minecraft:feather":10,"born_in_chaos_v1:monster_flesh":1,"minecraft:andesite":5,"minecraft:brown_wool":1,"minecraft:leather":10,"minecraft:smoker":2,"minecraft:oak_log":63,"iceandfire:ectoplasm":4,"minecraft:gunpowder":2,"minecraft:dirt":133,"tombstone:familiar_receptacle":1,"born_in_chaos_v1:monster_skin":1,"immersiveengineering:hemp_fiber":28,"minecraft:bone":7,"minecraft:apple":2,"minecraft:wheat_seeds":99,"born_in_chaos_v1:smoked_flesh":14,"minecraft:iron_ingot":1,"minecraft:cobweb":3,"magicaljewelry:gold_ring":1,"minecraft:rabbit":1,"minecraft:oak_planks":3,"minecraft:book":6,"minecraft:oak_pressure_plate":1,"minecraft:dripstone_block":3,"immersiveengineering:raw_aluminum":12,"minecraft:spider_eye":1,"epicsamurai:straw_hat":1,"minecraft:bundle":1,"magicaljewelry:silver_ring":2,"cwsr:light_essence":1,"born_in_chaos_v1:fire_dust":2,"immersiveengineering:seed":35,"waystones:waystone":1,"minecraft:bread":1,"minecraft:emerald":4,"minecraft:oak_button":1,"tombstone:magic_scroll":1,"minecraft:oak_sapling":34,"minecraft:coal":90,"iceandfire:raw_silver":4},"minecraft:crafted":{"minecraft:oak_door":6,"minecraft:oak_planks":124,"minecraft:stone_shovel":1,"minecraft:oak_sign":3,"minecraft:iron_nugget":1,"minecraft:oak_pressure_plate":4,"minecraft:cooked_chicken":7,"minecraft:furnace":2,"iceandfire:armor_copper_metal_leggings":2,"minecraft:stone":3,"minecraft:cooked_mutton":11,"iceandfire:armor_copper_metal_helmet":2,"iceandfire:armor_copper_metal_boots":2,"travelersbackpack:white_sleeping_bag":1,"born_in_chaos_v1:fried_maggot":3,"iceandfire:armor_copper_metal_chestplate":2,"minecraft:stone_pickaxe":7,"minecraft:chest":6,"minecraft:oak_button":2,"minecraft:copper_block":15,"iceandfire:copper_pickaxe":1,"revampedpiles:cobblestone_roof":60,"minecraft:stone_hoe":1,"minecraft:cooked_rabbit":1,"minecraft:wheat":18,"immersiveengineering:ingot_aluminum":12,"paraglider:paraglider":3,"minecraft:wooden_shovel":1,"minecraft:cooked_porkchop":6,"minecraft:crafting_table":2,"minecraft:wooden_pickaxe":1,"minecraft:copper_ingot":207,"minecraft:bucket":1,"minecraft:stone_axe":1,"minecraft:bread":8,"minecraft:air":0,"minecraft:blue_dye":1,"minecraft:oak_boat":1,"iceandfire:bestiary":1,"minecraft:charcoal":12,"minecraft:shield":1,"minecraft:stick":40,"born_in_chaos_v1:smoked_flesh":16,"minecraft:iron_ingot":4,"minecraft:wooden_axe":1,"minecraft:stone_sword":3,"minecraft:white_bed":1,"minecraft:torch":68,"levelhearts:heart_container":1},"minecraft:custom":{"lootr:looted_stat":8,"minecraft:mob_kills":73,"minecraft:interact_with_crafting_table":74,"minecraft:damage_dealt_resisted":1619,"minecraft:leave_game":5,"minecraft:time_since_death":60980,"minecraft:climb_one_cm":66,"minecraft:sprint_one_cm":360734,"minecraft:walk_one_cm":1183160,"minecraft:damage_blocked_by_shield":834,"minecraft:drop":63,"minecraft:damage_dealt_absorbed":79,"minecraft:talked_to_villager":1,"minecraft:play_time":292791,"minecraft:sneak_time":4238,"minecraft:deaths":2,"minecraft:walk_under_water_one_cm":1436,"minecraft:boat_one_cm":8460,"minecraft:jump":2080,"minecraft:walk_on_water_one_cm":21928,"minecraft:total_world_time":292791,"minecraft:interact_with_furnace":122,"spartanshields:shield_bash_hits":6,"tombstone:raider_killed":3,"minecraft:sleep_in_bed":1,"minecraft:time_since_rest":58581,"minecraft:damage_taken":3841,"minecraft:trigger_trapped_chest":4,"minecraft:damage_dealt":14345,"tombstone:cast_on_ally":1,"minecraft:swim_one_cm":28113,"minecraft:fly_one_cm":146714,"minecraft:open_chest":63,"minecraft:crouch_one_cm":11412,"tombstone:undead_killed":21,"minecraft:interact_with_smoker":7,"minecraft:fall_one_cm":28599},"minecraft:mined":{"minecraft:farmland":1,"iceandfire:silver_ore":4,"minecraft:oak_door":4,"minecraft:grass_block":131,"minecraft:oak_pressure_plate":1,"revampedpiles:cobblestone_roof":1,"minecraft:hay_block":2,"minecraft:furnace":1,"immersiveengineering:hemp":5,"minecraft:iron_ore":2,"minecraft:fire":2,"minecraft:andesite":15,"treechop:chopped_log":12,"minecraft:bookshelf":2,"minecraft:pointed_dripstone":1,"minecraft:vine":2,"minecraft:iron_bars":6,"minecraft:stone":859,"minecraft:white_wool":1,"immersiveengineering:ore_aluminum":12,"supplementaries:book_pile":2,"minecraft:crafting_table":12,"minecraft:cornflower":1,"minecraft:torch":5,"iceandfire:ghost_chest":2,"denseores:dense_coal_ore":6,"minecraft:copper_ore":54,"minecraft:tall_grass":50,"minecraft:cobblestone":37,"minecraft:oak_planks":3,"minecraft:wall_torch":30,"supplementaries:urn":6,"minecraft:wheat":24,"minecraft:grass":330,"minecraft:coal_ore":76,"minecraft:dripstone_block":3,"minecraft:dirt":2,"minecraft:stone_bricks":1,"minecraft:oak_button":1},"minecraft:used":{"travelersbackpack:horse":11,"revampedpiles:cobblestone_roof":61,"minecraft:stone_sword":312,"minecraft:iron_bars":4,"iceandfire:armor_copper_metal_leggings":1,"minecraft:stone_shovel":131,"immersiveengineering:seed":11,"minecraft:oak_sign":1,"minecraft:chest":6,"minecraft:shield":32,"minecraft:stone":3,"minecraft:cooked_chicken":7,"born_in_chaos_v1:fried_maggot":3,"minecraft:stone_hoe":91,"minecraft:oak_door":7,"minecraft:torch":120,"iceandfire:armor_copper_metal_boots":1,"minecraft:dirt":101,"minecraft:wooden_axe":60,"iceandfire:ghost_chest":1,"iceandfire:copper_pickaxe":303,"minecraft:furnace":2,"iceandfire:armor_copper_metal_helmet":1,"tombstone:gift":8,"minecraft:potato":10,"minecraft:cooked_mutton":9,"minecraft:wheat_seeds":77,"minecraft:water_bucket":2,"minecraft:baked_potato":2,"minecraft:stone_pickaxe":738,"minecraft:oak_planks":3,"minecraft:wooden_pickaxe":59,"farmersdelight:onion":18,"minecraft:crafting_table":13,"minecraft:white_bed":1,"minecraft:dripstone_block":1,"minecraft:smoker":1,"minecraft:apple":2,"iceandfire:armor_copper_metal_chestplate":1,"minecraft:oak_button":2,"minecraft:bread":7,"minecraft:oak_pressure_plate":4,"minecraft:stone_axe":78,"minecraft:enchanted_book":2,"minecraft:cobblestone":69,"travelersbackpack:standard":2,"minecraft:cooked_porkchop":2,"minecraft:cooked_rabbit":1,"minecraft:bucket":9,"minecraft:oak_boat":1},"minecraft:dropped":{"minecraft:iron_ingot":7,"minecraft:dripstone_block":2,"minecraft:cooked_porkchop":4,"iceandfire:armor_copper_metal_chestplate":1,"minecraft:leather":4,"minecraft:copper_ingot":21,"travelersbackpack:standard":1,"minecraft:cobweb":3,"minecraft:torch":18,"iceandfire:armor_copper_metal_boots":1,"paraglider:paraglider":1,"minecraft:string":4,"tombstone:familiar_receptacle":1,"minecraft:gold_ingot":1,"minecraft:bone":4,"minecraft:pointed_dripstone":3,"minecraft:rotten_flesh":1,"born_in_chaos_v1:smoked_flesh":30,"iceandfire:armor_copper_metal_helmet":1,"minecraft:cooked_mutton":2,"minecraft:oak_sign":2,"magicaljewelry:silver_ring":2,"supplementaries:ash":1,"iceandfire:ghost_chest":1,"minecraft:oak_button":1,"travelersbackpack:white_sleeping_bag":1,"minecraft:oak_sapling":25,"revampedpiles:cobblestone_roof":2,"iceandfire:armor_copper_metal_leggings":1,"immersiveengineering:seed":1},"minecraft:broken":{"minecraft:stone_sword":2,"minecraft:wooden_pickaxe":1,"minecraft:stone_pickaxe":5,"iceandfire:copper_pickaxe":1,"minecraft:wooden_axe":1,"minecraft:stone_shovel":1}},"DataVersion":3465}