{"stats":{"minecraft:picked_up":{"born_in_chaos_v1:diamond_termite_shard":2,"minecraft:crafting_table":5,"minecraft:chicken":4,"minecraft:string":30,"minecraft:raw_copper":35,"minecraft:iron_leggings":2,"epicsamurai:jade":4,"minecraft:cobbled_deepslate":95,"reliquary:zombie_heart":2,"deep_dark_regrowth:sculk_soil":2,"minecraft:furnace":1,"minecraft:egg":4,"minecraft:raw_iron":123,"iceandfire:armor_copper_metal_leggings":1,"minecraft:oak_fence":3,"minecraft:torch":10,"revampedpiles:cobblestone_roof":2,"minecraft:diorite":89,"minecraft:redstone":38,"depthcrawler:whiteshard":1,"minecraft:rotten_flesh":5,"gamma_beasts:coal_nugget":71,"supplementaries:ash":4,"minecraft:mutton":6,"minecraft:white_wool":1,"minecraft:cobblestone":205,"minecraft:feather":3,"minecraft:andesite":8,"luminousworld:ishstone":20,"gamma_beasts:prehnite":14,"minecraft:tuff":3,"supplementaries:flax_seeds":3,"deep_dark_regrowth:mossy_fluorite":6,"deep_dark_regrowth:apatine_seeds":5,"minecraft:lapis_lazuli":26,"minecraft:dirt":10,"minecraft:bone":5,"undead_revamp2:blacpetalblock":1,"minecraft:wheat_seeds":4,"minecraft:raw_gold":32,"magicaljewelry:silver_bracelet":1,"minecraft:gravel":4,"immersiveengineering:raw_aluminum":1,"minecraft:spider_eye":3,"magicaljewelry:silver_ring":1,"immersiveengineering:seed":1,"minecraft:gray_wool":1,"minecraft:emerald":4,"tombstone:magic_scroll":1,"minecraft:black_wool":2,"minecraft:coal":282},"minecraft:broken":{"minecraft:stone_sword":1,"minecraft:stone_pickaxe":2,"minecraft:iron_pickaxe":1},"minecraft:killed":{"luminousworld:miner_zombie":1,"minecraft:cave_spider":2,"undead_revamp2:thehunter":1,"minecraft:spider":1,"born_in_chaos_v1:maggot":1,"minecraft:skeleton":1,"luminousworld:miner_skeleton":1,"minecraft:chicken":4,"born_in_chaos_v1:diamond_termite":2,"minecraft:zombie_villager":1,"undead_revamp2:the_moonflower":1,"born_in_chaos_v1:decrepit_skeleton":1,"minecraft:sheep":4,"minecraft:zombie":2},"minecraft:mined":{"minecraft:tuff":4,"deep_dark_regrowth:sculk_soil":2,"minecraft:sculk_vein":6,"deep_dark_regrowth:sculk_sprouts":1,"denseores:dense_deepslate_iron_ore":10,"epicsamurai:deepslate_jade_ore":4,"minecraft:furnace":2,"minecraft:iron_ore":28,"deep_dark_regrowth:sculk_biter_on":1,"gamma_beasts:prehnite_ore":11,"minecraft:andesite":8,"minecraft:deepslate_lapis_ore":5,"denseores:dense_deepslate_gold_ore":9,"minecraft:deepslate_iron_ore":10,"biomesoplenty:webbing":5,"biomesoplenty:spider_egg":1,"minecraft:stone":165,"immersiveengineering:ore_aluminum":1,"minecraft:deepslate_redstone_ore":8,"deep_dark_regrowth:sculk_biter":3,"minecraft:oak_fence":3,"deep_dark_regrowth:infected_mushroom":2,"minecraft:crafting_table":5,"born_in_chaos_v1:infected_deepslate_diamond_ore":1,"denseores:dense_coal_ore":5,"minecraft:copper_ore":11,"minecraft:cobblestone":12,"deep_dark_regrowth:overloaded_sculk":5,"minecraft:deepslate_gold_ore":6,"minecraft:sculk":223,"minecraft:diorite":96,"minecraft:wall_torch":4,"supplementaries:urn":9,"gamma_beasts:deepslate_prehnite_ore":4,"minecraft:grass":7,"minecraft:coal_ore":203,"luminousworld:ishstone":21,"minecraft:gravel":6,"minecraft:cobweb":27,"minecraft:deepslate":51,"minecraft:fern":2},"minecraft:used":{"minecraft:stone_sword":144,"iceandfire:armor_copper_metal_leggings":1,"minecraft:cooked_chicken":6,"minecraft:torch":67,"iceandfire:copper_sword":67,"minecraft:tuff":3,"iceandfire:copper_pickaxe":13,"supplementaries:ash":1,"minecraft:furnace":2,"minecraft:cobbled_deepslate":71,"minecraft:cooked_mutton":4,"minecraft:diorite":1,"minecraft:stone_pickaxe":432,"luminousworld:ishstone":1,"deep_dark_regrowth:sculk_soil":2,"minecraft:crafting_table":5,"minecraft:iron_pickaxe":251,"tombstone:magic_scroll":3,"minecraft:stone_axe":15,"minecraft:cobblestone":110},"minecraft:dropped":{"depthcrawler:whiteshard":1,"minecraft:wheat_seeds":4,"gamma_beasts:coal_nugget":1,"minecraft:feather":3,"minecraft:copper_ingot":1,"minecraft:gray_wool":1,"minecraft:diorite":1,"tombstone:magic_scroll":1,"iceandfire:copper_pickaxe":3,"undead_revamp2:blacpetalblock":1,"minecraft:string":2,"minecraft:white_wool":1,"deep_dark_regrowth:apatine_seeds":5,"minecraft:redstone":38,"minecraft:gravel":4,"minecraft:rotten_flesh":5,"immersiveengineering:raw_aluminum":1,"supplementaries:flax_seeds":3,"supplementaries:ash":3,"minecraft:spider_eye":2,"minecraft:stone_pickaxe":1,"revampedpiles:cobblestone_roof":2,"immersiveengineering:seed":1,"minecraft:black_wool":2,"reliquary:zombie_heart":1,"minecraft:egg":4},"minecraft:custom":{"minecraft:mob_kills":24,"minecraft:interact_with_crafting_table":24,"minecraft:leave_game":3,"minecraft:time_since_death":89145,"minecraft:damage_resisted":90,"minecraft:sprint_one_cm":84616,"minecraft:walk_one_cm":294409,"minecraft:drop":33,"minecraft:play_time":89145,"minecraft:sneak_time":8871,"minecraft:walk_under_water_one_cm":3731,"minecraft:boat_one_cm":9990,"minecraft:jump":880,"minecraft:walk_on_water_one_cm":11288,"minecraft:total_world_time":89145,"minecraft:interact_with_furnace":49,"minecraft:time_since_rest":89145,"minecraft:damage_taken":710,"minecraft:damage_dealt":4250,"minecraft:swim_one_cm":13726,"minecraft:fly_one_cm":57566,"minecraft:open_chest":12,"minecraft:crouch_one_cm":33772,"tombstone:undead_killed":9,"minecraft:fall_one_cm":14331},"minecraft:crafted":{"minecraft:coal":9,"minecraft:cooked_chicken":4,"minecraft:furnace":1,"minecraft:cooked_mutton":10,"iceandfire:armor_copper_metal_helmet":1,"iceandfire:armor_copper_metal_boots":1,"iceandfire:copper_axe":1,"minecraft:stone_pickaxe":5,"iceandfire:armor_copper_metal_chestplate":1,"iceandfire:copper_pickaxe":3,"minecraft:coal_block":27,"minecraft:crafting_table":1,"minecraft:copper_ingot":39,"iceandfire:copper_sword":1,"minecraft:stone_axe":1,"minecraft:air":0,"minecraft:stick":32,"minecraft:iron_ingot":15,"minecraft:iron_pickaxe":3,"minecraft:stone_sword":1,"minecraft:torch":84}},"DataVersion":3465}