{"stats":{"minecraft:picked_up":{"born_in_chaos_v1:diamond_termite_shard":2,"minecraft:crafting_table":2,"minecraft:chicken":6,"iceandfire:armor_copper_metal_chestplate":1,"minecraft:string":2,"minecraft:raw_copper":11,"minecraft:iron_leggings":1,"minecraft:candle":1,"minecraft:cobbled_deepslate":173,"reliquary:zombie_heart":1,"minecraft:oak_boat":1,"minecraft:birch_sapling":1,"minecraft:egg":6,"minecraft:furnace":1,"minecraft:raw_iron":36,"minecraft:stick":12,"iceandfire:armor_copper_metal_leggings":2,"minecraft:torch":52,"minecraft:green_bed":1,"revampedpiles:cobblestone_roof":2,"minecraft:redstone":19,"minecraft:pointed_dripstone":1,"tombstone:grave_dust":1,"minecraft:diorite":148,"iceandfire:armor_copper_metal_boots":1,"minecraft:arrow":5,"minecraft:rotten_flesh":32,"gamma_beasts:coal_nugget":19,"supplementaries:ash":5,"minecraft:mutton":12,"minecraft:white_wool":8,"minecraft:cobblestone":309,"minecraft:birch_log":11,"born_in_chaos_v1:corpse_maggot":14,"minecraft:feather":7,"born_in_chaos_v1:monster_flesh":2,"luminousworld:ishstone":6,"minecraft:brown_wool":1,"minecraft:flint":2,"minecraft:tuff":41,"special_drops:chicken_boots":1,"undead_revamp2:huntereye":1,"minecraft:oak_log":33,"artifacts:superstitious_hat":1,"supplementaries:flax_seeds":3,"deep_dark_regrowth:mossy_fluorite":13,"iceandfire:armor_copper_metal_helmet":1,"minecraft:gunpowder":3,"deep_dark_regrowth:apatine_seeds":12,"minecraft:lapis_lazuli":105,"minecraft:dirt":18,"tombstone:familiar_receptacle":1,"born_in_chaos_v1:monster_skin":2,"minecraft:cooked_mutton":2,"minecraft:bone":19,"minecraft:apple":5,"undead_revamp2:blacpetalblock":1,"minecraft:bow":3,"minecraft:wheat_seeds":1,"minecraft:stone_pickaxe":1,"minecraft:oak_planks":8,"minecraft:cooked_porkchop":4,"deep_dark_regrowth:apatine":2,"minecraft:gravel":37,"immersiveengineering:raw_aluminum":1,"minecraft:white_bed":1,"minecraft:spider_eye":1,"minecraft:bundle":1,"magicaljewelry:silver_ring":2,"minecraft:slime_ball":1,"minecraft:diamond":6,"immersiveengineering:seed":6,"minecraft:gray_wool":1,"tombstone:magic_scroll":2,"minecraft:oak_sapling":24,"minecraft:black_wool":3,"minecraft:coal":65},"minecraft:custom":{"lootr:looted_stat":10,"minecraft:mob_kills":74,"minecraft:interact_with_crafting_table":44,"goblintraders:trade_with_goblin":1,"minecraft:damage_dealt_resisted":346,"minecraft:eat_cake_slice":7,"minecraft:leave_game":4,"minecraft:time_since_death":118331,"minecraft:climb_one_cm":165,"minecraft:sprint_one_cm":249528,"minecraft:walk_one_cm":657672,"minecraft:drop":43,"minecraft:play_time":148213,"minecraft:deaths":2,"minecraft:sneak_time":3800,"minecraft:walk_under_water_one_cm":5947,"minecraft:boat_one_cm":35685,"minecraft:jump":2863,"minecraft:walk_on_water_one_cm":12872,"minecraft:total_world_time":148213,"minecraft:interact_with_furnace":37,"minecraft:sleep_in_bed":1,"minecraft:time_since_rest":99372,"minecraft:damage_taken":3566,"minecraft:damage_absorbed":59,"minecraft:damage_dealt":15335,"tombstone:cast_on_ally":1,"minecraft:swim_one_cm":14097,"minecraft:fly_one_cm":294112,"minecraft:open_chest":22,"minecraft:crouch_one_cm":11274,"tombstone:undead_killed":30,"minecraft:fall_one_cm":12949},"minecraft:killed":{"undead_revamp2:thewolf":1,"minecraft:cave_spider":3,"undead_revamp2:thehunter":4,"born_in_chaos_v1:zombie_bruiser":1,"born_in_chaos_v1:maggot":4,"minecraft:skeleton":6,"minecraft:chicken":6,"undead_revamp2:thebidy":1,"aquaculture:perch":1,"undead_revamp2:sucker":2,"artifacts:mimic":1,"born_in_chaos_v1:diamond_termite":2,"born_in_chaos_v1:baby_skeleton":1,"born_in_chaos_v1:swarmer":1,"undead_revamp2:the_moonflower":5,"minecraft:creeper":2,"minecraft:sheep":7,"born_in_chaos_v1:bloody_gadfly":1,"undead_revamp2:thesomnolence":3,"minecraft:zombie":8,"born_in_chaos_v1:dread_hound":2,"born_in_chaos_v1:corpse_fly":8},"minecraft:crafted":{"minecraft:oak_planks":132,"immersiveengineering:stick_iron":8,"minecraft:birch_boat":2,"minecraft:cooked_chicken":6,"minecraft:furnace":4,"iceandfire:armor_copper_metal_leggings":1,"minecraft:bone_meal":3,"minecraft:cooked_mutton":8,"born_in_chaos_v1:fried_maggot":13,"minecraft:stone_pickaxe":7,"minecraft:chest":4,"minecraft:oak_button":1,"minecraft:stone_hoe":2,"minecraft:wooden_shovel":1,"minecraft:emerald":1,"minecraft:crafting_table":6,"minecraft:wooden_pickaxe":1,"minecraft:birch_planks":44,"minecraft:stone_axe":1,"minecraft:air":0,"minecraft:oak_boat":2,"minecraft:white_wool":1,"minecraft:white_dye":1,"minecraft:stick":48,"minecraft:iron_ingot":35,"minecraft:iron_pickaxe":1,"minecraft:stone_sword":4,"minecraft:white_bed":1,"minecraft:torch":8},"minecraft:mined":{"minecraft:diamond_ore":1,"minecraft:tuff":43,"deep_dark_regrowth:short_infected_mushroom":1,"minecraft:white_bed":1,"deep_dark_regrowth:sculk_soil":1,"minecraft:deepslate_diamond_ore":3,"minecraft:sculk_vein":17,"deep_dark_regrowth:sculk_sprouts":5,"denseores:dense_deepslate_lapis_ore":1,"minecraft:grass_block":10,"deep_dark_regrowth:sculk_tendril":1,"denseores:dense_deepslate_iron_ore":3,"revampedpiles:cobblestone_roof":4,"deep_dark_regrowth:vilethorn":1,"minecraft:sculk_catalyst":2,"minecraft:furnace":1,"minecraft:iron_ore":9,"minecraft:cobbled_deepslate":1,"treechop:chopped_log":5,"minecraft:deepslate_lapis_ore":17,"denseores:dense_deepslate_redstone_ore":1,"biomesoplenty:hanging_cobweb":5,"minecraft:pointed_dripstone":1,"minecraft:deepslate_iron_ore":24,"biomesoplenty:webbing":10,"minecraft:stone":309,"biomesoplenty:spider_egg":3,"minecraft:green_bed":1,"minecraft:deepslate_redstone_ore":4,"deep_dark_regrowth:sculk_biter":2,"deep_dark_regrowth:sculk_ribs":2,"deep_dark_regrowth:infected_mushroom":2,"biomesoplenty:hanging_cobweb_strand":3,"minecraft:crafting_table":2,"born_in_chaos_v1:infected_deepslate_diamond_ore":1,"minecraft:torch":4,"minecraft:sculk_sensor":10,"deep_dark_regrowth:sculk_tendril_active":1,"denseores:dense_coal_ore":2,"minecraft:cobblestone":11,"minecraft:copper_ore":6,"minecraft:tall_grass":5,"deep_dark_regrowth:overloaded_sculk":14,"minecraft:lapis_ore":10,"minecraft:oak_planks":8,"minecraft:sculk":209,"minecraft:diorite":147,"minecraft:wall_torch":9,"supplementaries:urn":5,"denseores:dense_deepslate_diamond_ore":1,"deep_dark_regrowth:apatine_plant":2,"minecraft:grass":11,"minecraft:coal_ore":53,"luminousworld:ishstone":6,"minecraft:gravel":38,"minecraft:dripstone_block":11,"minecraft:dirt":20,"biomesoplenty:stringy_cobweb":5,"minecraft:cobweb":1,"minecraft:oak_leaves":3,"minecraft:deepslate":248,"minecraft:fern":1},"minecraft:dropped":{"minecraft:enchanted_book":1,"minecraft:wheat_seeds":1,"minecraft:cobblestone":29,"cwsr:light_essence":1,"minecraft:stick":4,"minecraft:dirt":2,"minecraft:gray_wool":1,"minecraft:diorite":84,"tombstone:magic_scroll":1,"minecraft:torch":8,"tombstone:grave_key":1,"minecraft:brown_wool":1,"tombstone:grave_dust":1,"minecraft:white_wool":1,"tombstone:familiar_receptacle":1,"deep_dark_regrowth:apatine_seeds":5,"minecraft:gravel":36,"minecraft:cobbled_deepslate":94,"minecraft:pointed_dripstone":1,"minecraft:oak_planks":2,"immersiveengineering:raw_aluminum":1,"magicaljewelry:jewel_upgrade_smithing_template":1,"magicaljewelry:silver_ring":1,"supplementaries:ash":3,"minecraft:gunpowder":3,"minecraft:bundle":1,"minecraft:oak_sapling":2,"minecraft:spider_eye":1,"minecraft:arrow":1,"revampedpiles:cobblestone_roof":2,"iceandfire:armor_copper_metal_leggings":2,"deep_dark_regrowth:mossy_fluorite":1,"immersiveengineering:seed":2,"minecraft:black_wool":1,"reliquary:zombie_heart":1,"minecraft:egg":3},"minecraft:broken":{"minecraft:stone_sword":3,"minecraft:stone_hoe":1,"minecraft:stone_pickaxe":7,"iceandfire:armor_copper_metal_helmet":1},"minecraft:used":{"minecraft:stone_sword":506,"iceandfire:armor_copper_metal_leggings":1,"minecraft:chest":4,"minecraft:wooden_shovel":7,"born_in_chaos_v1:fried_maggot":13,"minecraft:stone_hoe":268,"minecraft:cooked_chicken":4,"minecraft:rotten_flesh":1,"minecraft:torch":29,"iceandfire:armor_copper_metal_boots":1,"minecraft:dirt":1,"minecraft:tuff":35,"born_in_chaos_v1:corpse_maggot":1,"minecraft:furnace":5,"iceandfire:armor_copper_metal_helmet":1,"tombstone:gift":5,"minecraft:cobbled_deepslate":69,"minecraft:cooked_mutton":10,"minecraft:stone_pickaxe":882,"minecraft:oak_planks":6,"minecraft:birch_boat":2,"minecraft:wooden_pickaxe":18,"minecraft:white_wool":1,"minecraft:golden_apple":2,"minecraft:crafting_table":8,"minecraft:white_bed":2,"minecraft:black_wool":1,"minecraft:apple":4,"iceandfire:armor_copper_metal_chestplate":1,"minecraft:iron_pickaxe":104,"minecraft:stone_axe":52,"minecraft:cobblestone":60,"minecraft:cooked_porkchop":4,"minecraft:oak_boat":3}},"DataVersion":3465}